{
  "generator-jhipster": {
    "jhipsterVersion": "3.4.1",
    "baseName": "myapp",
    "packageName": "com.puc.pos.lab01",
    "packageFolder": "com/puc/pos/lab01",
    "serverPort": "8080",
    "authenticationType": "jwt",
    "hibernateCache": "no",
    "clusteredHttpSession": "no",
    "websocket": "spring-websocket",
    "databaseType": "mongodb",
    "devDatabaseType": "mongodb",
    "prodDatabaseType": "mongodb",
    "searchEngine": "no",
    "buildTool": "maven",
    "enableSocialSignIn": false,
    "jwtSecretKey": "14fec5dfd23f8d53e5afb13c04410c596233637a",
    "useSass": true,
    "applicationType": "monolith",
    "testFrameworks": [
      "gatling"
    ],
    "jhiPrefix": "jhi",
    "enableTranslation": true,
    "nativeLanguage": "en",
    "languages": [
      "en"
    ]
  }
}